{
    "passive": [
        {
            "ra": 100
        }
    ],
    "fitting": [
        {
            "junction_potential": -14.0,
            "sweeps": null
        }
    ],
    "conditions": [
        {
            "celsius": 34,
            "erev": [
                {
                    "ena": 53.0,
                    "section": "soma",
                    "ek": -107.0
                },
                {
                    "ena": 53.0,
                    "section": "axon",
                    "ek": -107.0
                },
                {
                    "ena": 53.0,
                    "section": "apic",
                    "ek": -107.0
                },
                {
                    "ena": 53.0,
                    "section": "dend",
                    "ek": -107.0
                }
            ],
            "v_init": -59
        }
    ],
    "genome": [
        {
            "section": "soma",
            "name": "g_pas",
            "value": "0.000397417",
            "mechanism": ""
        },
        {
            "section": "soma",
            "name": "e_pas",
            "value": "-62.9174",
            "mechanism": ""
        },
        {
            "section": "axon",
            "name": "g_pas",
            "value": "0.00037418",
            "mechanism": ""
        },
        {
            "section": "axon",
            "name": "e_pas",
            "value": "-65.4473",
            "mechanism": ""
        },
        {
            "section": "apic",
            "name": "g_pas",
            "value": "5.84396e-05",
            "mechanism": ""
        },
        {
            "section": "apic",
            "name": "e_pas",
            "value": "-67.1265",
            "mechanism": ""
        },
        {
            "section": "dend",
            "name": "g_pas",
            "value": "2.80513e-05",
            "mechanism": ""
        },
        {
            "section": "dend",
            "name": "e_pas",
            "value": "-96.5393",
            "mechanism": ""
        },
        {
            "section": "soma",
            "name": "cm",
            "value": "2.84314",
            "mechanism": ""
        },
        {
            "section": "soma",
            "name": "Ra",
            "value": "8245.5",
            "mechanism": ""
        },
        {
            "section": "axon",
            "name": "cm",
            "value": "3.22425",
            "mechanism": ""
        },
        {
            "section": "axon",
            "name": "Ra",
            "value": "13834.4",
            "mechanism": ""
        },
        {
            "section": "apic",
            "name": "cm",
            "value": "1.47624",
            "mechanism": ""
        },
        {
            "section": "apic",
            "name": "Ra",
            "value": "5213.22",
            "mechanism": ""
        },
        {
            "section": "dend",
            "name": "cm",
            "value": "2.35427",
            "mechanism": ""
        },
        {
            "section": "dend",
            "name": "Ra",
            "value": "5160.97",
            "mechanism": ""
        },
        {
            "section": "axon",
            "name": "gbar_NaV",
            "value": "0.0433212",
            "mechanism": "NaV"
        },
        {
            "section": "axon",
            "name": "gbar_K_T",
            "value": "0.000972293",
            "mechanism": "K_T"
        },
        {
            "section": "axon",
            "name": "gbar_Kd",
            "value": "0.00651797",
            "mechanism": "Kd"
        },
        {
            "section": "axon",
            "name": "gbar_Kv2like",
            "value": "0.0886339",
            "mechanism": "Kv2like"
        },
        {
            "section": "axon",
            "name": "gbar_Kv3_1",
            "value": "0.67237",
            "mechanism": "Kv3_1"
        },
        {
            "section": "axon",
            "name": "gbar_SK",
            "value": "0.00852965",
            "mechanism": "SK"
        },
        {
            "section": "axon",
            "name": "gbar_Ca_HVA",
            "value": "4.04888e-05",
            "mechanism": "Ca_HVA"
        },
        {
            "section": "axon",
            "name": "gbar_Ca_LVA",
            "value": "0.00392",
            "mechanism": "Ca_LVA"
        },
        {
            "section": "axon",
            "name": "gamma_CaDynamics",
            "value": "0.0406269",
            "mechanism": "CaDynamics"
        },
        {
            "section": "axon",
            "name": "decay_CaDynamics",
            "value": "418.504",
            "mechanism": "CaDynamics"
        },
        {
            "section": "soma",
            "name": "gbar_NaV",
            "value": "0.0324348",
            "mechanism": "NaV"
        },
        {
            "section": "soma",
            "name": "gbar_SK",
            "value": "0.00301219",
            "mechanism": "SK"
        },
        {
            "section": "soma",
            "name": "gbar_Kv3_1",
            "value": "0.0304401",
            "mechanism": "Kv3_1"
        },
        {
            "section": "soma",
            "name": "gbar_Ca_HVA",
            "value": "8.61216e-05",
            "mechanism": "Ca_HVA"
        },
        {
            "section": "soma",
            "name": "gbar_Ca_LVA",
            "value": "0.00433744",
            "mechanism": "Ca_LVA"
        },
        {
            "section": "soma",
            "name": "gamma_CaDynamics",
            "value": "0.00205268",
            "mechanism": "CaDynamics"
        },
        {
            "section": "soma",
            "name": "decay_CaDynamics",
            "value": "425.364",
            "mechanism": "CaDynamics"
        },
        {
            "section": "soma",
            "name": "gbar_Ih",
            "value": "8.01907e-07",
            "mechanism": "Ih"
        },
        {
            "section": "apic",
            "name": "gbar_NaV",
            "value": "0.0285362",
            "mechanism": "NaV"
        },
        {
            "section": "apic",
            "name": "gbar_Kv3_1",
            "value": "0.872936",
            "mechanism": "Kv3_1"
        },
        {
            "section": "apic",
            "name": "gbar_Im_v2",
            "value": "0.00999168",
            "mechanism": "Im_v2"
        },
        {
            "section": "apic",
            "name": "gbar_Ih",
            "value": "6.49377e-06",
            "mechanism": "Ih"
        },
        {
            "section": "dend",
            "name": "gbar_NaV",
            "value": "0.0492743",
            "mechanism": "NaV"
        },
        {
            "section": "dend",
            "name": "gbar_Kv3_1",
            "value": "0.833288",
            "mechanism": "Kv3_1"
        },
        {
            "section": "dend",
            "name": "gbar_Im_v2",
            "value": "0.00587746",
            "mechanism": "Im_v2"
        },
        {
            "section": "dend",
            "name": "gbar_Ih",
            "value": "9.29793e-06",
            "mechanism": "Ih"
        }
    ]
}